,Name,Batch_ID,Avg RHL (mm),Max RHL (mm),Min RHL (mm),Total RHD (mm2),Max RHL Delta (mm),Max RHL Delta Pos (mm),Max RHD Delta (mm2),Max RHD Delta Pos (mm),Elongation Zone Distance (mm),Elongation Zone Start (mm),Elongation Zone Stop (mm),Elongation Zone Gradient,Root Thickness (mm),Root Length (mm),RH Pixel Intensity Mean,Background Pixel Intensity Mean,RH:Background Pixel Ratio
0,soissons_0013,soissons,1.3401126408010013,1.906862745098039,0.0,43.47885428681276,0.6274509803921569,8.03921568627451,0.23250672818146867,18.431372549019606,3.333333333333333,1.1764705882352942,4.509803921568627,0.46663112184144806,0.7807017543859649,18.431372549019606,142.87269771798438,208.36175415715684,0.685695406510269
0,soissons_0012,soissons,1.699045407636739,2.3970588235294117,0.0,45.7439446366782,2.372549019607843,2.549019607843137,0.432237600922722,2.549019607843137,1.96078431372549,2.3529411764705883,4.313725490196078,0.5270668724315463,1.0263480392156863,14.901960784313726,136.8597464123863,180.35284230569394,0.7588444111150306
0,soissons_0011,soissons,1.343891402714932,2.019607843137255,0.0,24.65138408304498,0.5392156862745097,10.196078431372548,0.18906189926951172,10.196078431372548,3.5294117647058827,1.3725490196078431,4.901960784313726,0.5129673140042255,0.6818181818181819,10.196078431372548,152.69434075533562,197.7876623215702,0.7720114539150563
0,soissons_0010,soissons,1.5603154305200342,1.9950980392156863,0.0,38.03383314109958,2.843137254901961,0.7843137254901961,0.5029796232218378,0.7843137254901961,2.5490196078431375,2.3529411764705883,4.901960784313726,0.27924122406127017,0.9180672268907563,13.529411764705882,150.01741619977074,194.99391695054706,0.7693440828608877
0,soissons_0009,soissons,1.4364630467571642,2.122549019607843,0.0,25.70751633986928,0.892156862745098,8.627450980392156,0.13610149942329874,8.627450980392156,2.9411764705882346,1.1764705882352942,4.117647058823529,0.579434316806501,0.7905525846702318,10.196078431372548,146.35143607915518,213.09674538875814,0.6867840041956639
0,soissons_0008,soissons,1.4349323062558357,2.1176470588235294,0.0,41.9458861976163,1.2450980392156863,16.470588235294116,0.30344098423683197,16.470588235294116,3.92156862745098,1.1764705882352942,5.098039215686274,0.4516039755917861,1.2347494553376905,16.470588235294116,130.74155233688182,177.27341111471964,0.7375136040693352
0,soissons_0007,soissons,1.4118608227604768,2.0392156862745097,0.0,48.87995001922337,2.0,1.5686274509803921,0.35073048827374087,1.5686274509803921,3.3333333333333335,0.39215686274509803,3.7254901960784315,0.4491274788386753,0.9523809523809523,20.0,152.1529515209595,225.52477723976918,0.6746617971789255
0,soissons_0006,soissons,1.529320987654321,2.2745098039215685,0.0,28.388504421376396,0.980392156862745,5.882352941176471,0.1534986543637063,5.882352941176471,2.941176470588235,0.9803921568627451,3.9215686274509802,0.6591797021612741,0.7433155080213903,10.588235294117647,148.00034910660446,212.2069511425778,0.6974340298926677
0,soissons_0005,soissons,1.6235418217920075,2.333333333333333,0.0,44.9466551326413,2.3529411764705883,15.490196078431373,0.41589773164167626,15.490196078431373,3.333333333333333,0.9803921568627451,4.313725490196078,0.5662698594539772,0.8045343137254902,15.490196078431373,152.56016042228563,207.8507360426535,0.7339890313930784
0,copain_0018,copain,1.6560395150426581,2.7941176470588234,0.0,75.58477508650519,1.6372549019607843,21.568627450980394,0.25124951941560936,21.568627450980394,10.0,2.156862745098039,12.156862745098039,0.2202239705345661,0.7563543936092956,25.686274509803923,155.3465432138755,187.4307753847678,0.8288208961146957
0,copain_0017,copain,1.1434640522875816,2.063725490196078,0.0,24.23452518262207,0.9901960784313724,10.784313725490197,0.17983467896962707,11.764705882352942,7.84313725490196,0.39215686274509803,8.235294117647058,0.22418078301318195,0.8700980392156863,11.764705882352942,145.21229736086306,216.3501434169245,0.6711911305786704
0,copain_0016,copain,1.9911244800950683,2.818627450980392,0.0,92.85111495578624,3.490196078431373,1.1764705882352942,0.5670895809304113,1.1764705882352942,4.509803921568629,14.117647058823529,18.627450980392158,0.0292328356314948,0.8386123680241326,25.88235294117647,147.76817691425697,195.1086797555516,0.7573634197073817
0,copain_0015,copain,1.7732001197425538,2.5931372549019605,0.0,82.62745098039215,0.7450980392156863,19.80392156862745,0.0989042675893887,22.352941176470587,9.411764705882353,1.5686274509803921,10.980392156862745,0.25322192450802644,0.8917797888386124,25.686274509803923,153.47096640207815,189.7500231658795,0.8088060483023699
0,copain_0014,copain,1.8120525988173048,2.7598039215686274,0.0,80.30565167243367,1.1666666666666665,22.15686274509804,0.18041138023836986,22.15686274509804,9.019607843137255,1.9607843137254901,10.980392156862745,0.2837398012765247,0.8141025641025641,24.705882352941178,152.80684114098247,187.34065783278402,0.8156629901309216
0,copain_0013,copain,1.242267329466998,2.6372549019607843,0.0,30.359861591695502,0.980392156862745,10.784313725490197,0.131199538638985,10.0,5.686274509803922,1.7647058823529411,7.450980392156863,0.2984130391212965,0.7248366013071896,13.92156862745098,161.22233012073133,222.41543836270156,0.7248702307158182
0,copain_0012,copain,1.4637056842939196,3.068627450980392,0.0,50.20847750865052,1.0686274509803924,19.41176470588235,0.2476931949250288,19.41176470588235,5.098039215686274,5.098039215686274,10.196078431372548,0.530027238569588,0.8965686274509804,19.41176470588235,150.2991163532317,212.21523214185916,0.708239059167824
0,copain_0011,copain,1.6276041666666667,2.8872549019607843,0.0,70.9055171088043,1.3235294117647058,20.58823529411765,0.20761245674740483,16.470588235294116,13.333333333333332,1.7647058823529411,15.098039215686274,0.18203168035828055,0.6689291101055806,25.098039215686274,157.03763686798706,184.58833412476628,0.8507451871895803
0,copain_0010,copain,1.7519607843137257,2.8970588235294117,0.0,82.5420030757401,1.7058823529411764,7.0588235294117645,0.2799884659746251,26.470588235294116,4.509803921568627,8.431372549019608,12.941176470588236,0.4941928431451193,0.8300653594771242,26.470588235294116,148.52324936529618,190.54717086545216,0.7794565969713105
0,copain_0008,copain,1.4029008863819499,2.333333333333333,0.0,35.6975201845444,0.5980392156862744,10.784313725490197,0.09390618992695116,14.313725490196079,5.882352941176471,1.5686274509803921,7.450980392156863,0.3350816538717043,0.8215686274509804,14.313725490196079,145.6904800107318,186.26459363944812,0.7821694781819054
0,copain_0007,copain,1.6561002178649238,2.6372549019607843,0.0,52.523933102652826,1.0098039215686272,17.647058823529413,0.3044982698961938,17.647058823529413,6.666666666666667,1.7647058823529411,8.431372549019608,0.31719477804345114,0.7608932461873639,17.647058823529413,154.1229423933141,189.29379852569636,0.8141996388349306
0,copain_0006,copain,1.647186147186147,2.696078431372549,0.0,44.56843521722414,1.6764705882352942,15.098039215686274,0.36101499423298733,15.098039215686274,6.666666666666666,1.3725490196078431,8.03921568627451,0.3476068251905123,0.7444852941176471,15.098039215686274,151.66259405811462,182.76433602083998,0.8298259789635384
0,copain_0005,copain,1.4352274890538743,2.7254901960784315,0.0,50.96626297577855,1.3529411764705883,15.098039215686274,0.2827758554402153,20.19607843137255,8.431372549019608,2.156862745098039,10.588235294117647,0.2653490904841078,0.8160597572362278,20.19607843137255,153.87048841393013,192.53128132821345,0.7991973426469998
0,copain_0004,copain,1.6295570079883805,2.730392156862745,0.0,76.89744329104191,1.049019607843137,8.03921568627451,0.1878123798539023,17.254901960784313,4.705882352941177,6.666666666666667,11.372549019607844,0.4202788070199265,0.803921568627451,26.470588235294116,157.74018780093348,195.045070995474,0.8087371139186277
0,copain_0003,copain,1.3265882352941178,2.8872549019607847,0.0,57.16830065359477,1.6372549019607843,17.647058823529413,0.23827374086889658,17.647058823529413,7.058823529411765,1.7647058823529411,8.823529411764707,0.3149450599784327,0.8419607843137255,24.50980392156863,146.85234562328057,190.19717625202898,0.7721058141719598
0,copain_0002,copain,1.935708898944193,3.186274509803922,0.0,88.15119184928874,1.0686274509803924,19.41176470588235,0.19617454825067282,25.49019607843137,10.392156862745097,1.7647058823529411,12.156862745098039,0.23783014181861256,0.7926093514328808,25.49019607843137,157.3729578533061,190.21573753514093,0.8273393142574895
0,copain_0001,copain,2.062251216275984,2.857843137254902,0.0,98.29296424452134,1.5098039215686274,26.07843137254902,0.30901576316801227,26.07843137254902,9.411764705882353,0.5882352941176471,10.0,0.27660502132789366,0.9535221496005809,26.07843137254902,155.21923258292946,197.50050928681327,0.7859181383553686
0,hereward_0010,hereward,1.9282765737874097,2.7892156862745097,0.0,77.75576701268743,2.088235294117647,22.352941176470587,0.3758169934640523,22.352941176470587,5.098039215686274,1.3725490196078431,6.470588235294118,0.47294414701625276,1.0106564364876385,22.352941176470587,146.05659965896547,203.31936743747625,0.718360486262481
0,hereward_0008,hereward,1.7864304812834224,2.5294117647058822,0.0,84.3303537101115,0.8725490196078429,25.88235294117647,0.1605151864667435,25.88235294117647,6.2745098039215685,1.7647058823529411,8.03921568627451,0.3459120672297518,0.9324618736383442,25.88235294117647,135.07594467522406,184.98645634757472,0.730193698188516
0,hereward_0007,hereward,1.9120392156862744,2.7892156862745097,0.0,85.5524798154556,1.2941176470588238,3.3333333333333335,0.252402921953095,3.3333333333333335,5.294117647058823,0.7843137254901961,6.078431372549019,0.4559896504043102,1.0395927601809953,24.50980392156863,139.05585786227945,185.970922219518,0.7477290331342201
0,hereward_0006,hereward,1.6698356110120816,2.534313725490196,0.0,58.157247212610535,1.4901960784313726,18.627450980392158,0.25903498654363705,18.627450980392158,7.450980392156863,0.9803921568627451,8.431372549019608,0.30267673933650635,0.8482726423902894,19.41176470588235,156.1824947322561,195.69246248972067,0.7981017395621972
0,hereward_0005,hereward,1.7164109121909632,2.6176470588235294,0.0,70.73116109188774,2.9313725490196076,22.54901960784314,0.5214340638216071,22.54901960784314,7.450980392156863,1.3725490196078431,8.823529411764707,0.2772010509593208,0.9930555555555556,22.54901960784314,144.1354715393367,189.02244080355862,0.7625310038670452
0,hereward_0002,hereward,1.8010725657784483,2.568627450980392,0.0,75.27479815455595,2.176470588235294,2.549019607843137,0.4137831603229527,14.705882352941176,5.098039215686274,1.3725490196078431,6.470588235294118,0.42922404812309223,1.1241830065359477,22.941176470588236,139.09800133758955,189.8907391176169,0.7325159825273695
0,hereward_0001,hereward,0.5240641711229946,1.4166666666666667,0.0,15.811803152633601,0.7843137254901962,13.529411764705882,0.1057285659361784,14.117647058823529,5.490196078431373,9.411764705882353,14.901960784313726,0.18003626545317913,0.5744206773618539,19.41176470588235,151.47241963914806,181.6746758815966,0.8337563774593859
0,rialto_0009,rialto,1.5269607843137254,2.147058823529412,0.0,42.18464052287582,0.784313725490196,11.764705882352942,0.22116493656286046,15.294117647058824,5.490196078431373,1.3725490196078431,6.862745098039215,0.3645760717999655,1.1556372549019607,15.294117647058824,146.37300553675863,224.91392556840273,0.6507956551238194
0,rialto_0008,rialto,1.7749818445896877,4.71078431372549,0.0,82.13600538254518,2.9509803921568625,0.9803921568627451,0.7368319876970396,0.9803921568627451,4.901960784313726,2.7450980392156863,7.647058823529412,0.4006657849209099,1.0951343500363109,26.470588235294116,137.31532122781124,210.94007159748742,0.6509684015364999
0,rialto_0007,rialto,1.5829450592118037,2.235294117647059,0.0,56.755863129565554,1.5686274509803921,19.80392156862745,0.34986543637062667,19.80392156862745,5.098039215686274,1.9607843137254901,7.0588235294117645,0.40105795663545873,1.4150326797385622,19.80392156862745,142.93375417040718,200.32030959109804,0.713526024705979
0,rialto_0005,rialto,1.6949223085460599,3.2549019607843137,0.0,64.09256055363322,1.8823529411764706,20.784313725490197,0.35928489042675893,20.784313725490197,7.0588235294117645,0.39215686274509803,7.450980392156863,0.28124156180404986,1.2497868712702473,20.784313725490197,148.47113889193122,198.92273576105762,0.7463759148691382
0,rialto_0004,rialto,1.5107937405731524,2.4950980392156863,0.0,55.55123029603999,0.6764705882352942,20.392156862745097,0.1995386389850058,20.392156862745097,5.490196078431373,1.5686274509803921,7.0588235294117645,0.35538046395359457,1.222689075630252,20.392156862745097,138.91423100198404,199.1137959304131,0.697662511795678
0,rialto_0003,rialto,1.7476043048798466,2.392156862745098,0.0,83.59381007304883,2.784313725490196,0.9803921568627451,0.4870242214532872,1.1764705882352942,4.117647058823529,19.215686274509803,23.333333333333332,0.10252478151043429,1.5446623093681915,26.07843137254902,132.45939137653014,209.9391576313305,0.630941806526342
0,rialto_0002,rialto,1.6813071895424836,2.3284313725490198,0.0,44.67858515955402,2.1666666666666665,14.705882352941176,0.37697039600153787,14.705882352941176,3.3333333333333335,0.39215686274509803,3.7254901960784315,0.5607176023618449,1.5998774509803921,14.705882352941176,139.28713561574173,218.59382969329263,0.6371960993188804
0,rialto_0001,rialto,1.39043082021541,1.8970588235294117,0.0,33.95049980776625,0.9509803921568628,3.7254901960784315,0.17474048442906573,3.7254901960784315,3.7254901960784315,1.1764705882352942,4.901960784313726,0.44411735600056407,1.5266106442577032,13.92156862745098,141.58164447976688,220.39645318081554,0.6423952946448364
0,spark_0009,spark,1.5638262154176739,2.264705882352941,0.0,79.80074971164936,2.196078431372549,28.627450980392158,0.369761630142253,28.627450980392158,11.568627450980392,0.39215686274509803,11.96078431372549,0.16764894708406738,0.7372549019607844,28.627450980392158,145.63320785883022,233.28385214868953,0.6242747044746462
0,spark_0008,spark,1.5304128693731014,3.3431372549019605,0.37254901960784315,71.48173779315647,4.696078431372549,0.9803921568627451,0.6988658208381392,0.9803921568627451,6.274509803921568,5.882352941176471,12.156862745098039,0.17710760098812003,0.6957403651115619,27.84313725490196,153.8226887570634,219.9894617138161,0.6992275337132787
0,spark_0007,spark,1.8198620188816268,5.906862745098039,0.0,81.27758554402152,3.176470588235294,0.19607843137254902,0.5674740484429066,1.1764705882352942,9.019607843137255,5.490196078431373,14.509803921568627,0.22393001782645475,0.6339869281045752,26.470588235294116,149.9662953097996,199.01960296479984,0.7535252461352955
0,spark_0006,spark,1.339792926516401,2.1911764705882355,0.0,49.68531334102268,0.8921568627450978,20.784313725490197,0.14225297962322184,20.784313725490197,6.666666666666666,1.3725490196078431,8.03921568627451,0.2701274741853553,0.9545454545454545,20.980392156862745,145.23190151693365,205.1994588475425,0.7077596711638353
0,spark_0005,spark,1.5580436720142603,4.014705882352941,0.0,68.2052095347943,3.235294117647059,3.3333333333333335,0.5082660515186467,3.3333333333333335,5.882352941176471,4.901960784313726,10.784313725490197,0.28073592338453474,0.7296380090497737,25.88235294117647,141.37246761207092,201.99720865491747,0.6998733722780546
0,spark_0004,spark,1.6647923875432529,4.411764705882353,0.0,77.6663783160323,4.078431372549019,2.7450980392156863,0.5938100730488274,3.5294117647058822,4.509803921568629,22.15686274509804,26.666666666666668,0.059713980141913196,0.9978991596638656,26.666666666666668,134.37861549504365,203.46018077229476,0.6604664115846595
0,spark_0003,spark,1.762309368191721,5.230392156862745,0.0,83.48048827374086,5.529411764705882,3.1372549019607843,1.219434832756632,0.9803921568627451,6.07843137254902,6.2745098039215685,12.352941176470589,0.2294115561045005,0.7494553376906318,26.470588235294116,138.09694134646602,218.8767154032442,0.630934821422394
0,spark_0002,spark,1.7238190730837788,3.549019607843137,0.0,74.46068819684737,3.1666666666666665,3.3333333333333335,0.4677047289504037,0.5882352941176471,5.686274509803921,4.901960784313726,10.588235294117647,0.3167861004998713,0.6459276018099548,25.88235294117647,153.55486959539965,205.77632525907376,0.7462222362172765
0,spark_0001,spark,1.1412119064493265,2.215686274509804,0.0,32.45655517108804,0.5490196078431373,10.0,0.10938100730488273,16.274509803921568,11.372549019607844,2.156862745098039,13.529411764705882,0.17625271091073155,0.5951557093425606,16.274509803921568,117.35982163305447,212.29039598674694,0.5528268063543539
0,xi19_0012,xi19,1.487581699346405,2.147058823529412,0.0,54.54046520569012,0.9607843137254902,20.58823529411765,0.25893886966551327,20.58823529411765,6.078431372549019,1.3725490196078431,7.450980392156863,0.2927997464824286,0.8917112299465241,20.58823529411765,161.6413547596794,207.55040035170177,0.7788053142069212
0,xi19_0011,xi19,1.6894698620188817,6.838235294117647,0.0,76.90397923875432,7.696078431372549,0.19607843137254902,1.026239907727797,0.19607843137254902,3.7254901960784315,4.117647058823529,7.8431372549019605,0.4499953318088211,0.9088598402323893,26.470588235294116,146.1608361168721,220.19195170633628,0.6637882764752575
0,xi19_0010,xi19,1.8025210084033612,6.348039215686274,0.0,78.40695886197616,4.46078431372549,3.1372549019607843,0.5498846597462514,3.1372549019607843,3.7254901960784306,4.901960784313726,8.627450980392156,0.3873428102464626,0.7912127814088599,26.07843137254902,149.43742275382309,207.69321417003667,0.7195103766436969
0,xi19_0009,xi19,1.657673860911271,2.9607843137254903,0.0,79.62898885044214,2.7058823529411766,0.7843137254901961,0.4171472510572857,2.9411764705882355,3.9215686274509802,3.3333333333333335,7.254901960784314,0.21101037059219857,0.9695378151260504,27.254901960784313,140.3643377902373,211.97530514744628,0.6621730663041261
0,xi19_0008,xi19,1.5890466531440162,3.25,0.0,80.67916186082276,3.1470588235294117,2.549019607843137,0.5025951557093425,2.549019607843137,6.470588235294118,0.19607843137254902,6.666666666666667,0.27025481514062566,0.9947712418300654,28.431372549019606,138.88429901173836,219.23274963500728,0.633501606137595
0,xi19_0006,xi19,1.3313209494324045,1.8627450980392157,0.0,43.87754709727028,1.4313725490196079,18.627450980392158,0.25874663590926567,18.627450980392158,3.92156862745098,1.1764705882352942,5.098039215686274,0.4168838704328661,1.242156862745098,18.627450980392158,151.3395757683302,216.014300528295,0.7005998000975252
0,xi19_0005,xi19,1.3170278637770898,2.014705882352941,0.0,44.00855440215302,0.7647058823529412,17.45098039215686,0.13994617454825067,17.45098039215686,4.705882352941177,1.1764705882352942,5.882352941176471,0.3892182668454649,1.2049019607843139,18.627450980392158,151.30408142574396,211.47402759346895,0.7154735886366442
0,xi19_0004,xi19,1.3955375253549696,1.9411764705882353,0.0,43.285755478662054,1.9607843137254901,17.058823529411764,0.30747789311803153,17.058823529411764,4.117647058823529,1.1764705882352942,5.294117647058823,0.3795767047268473,1.0701754385964912,17.058823529411764,149.7547215275607,231.62391325742573,0.6465425759434605
0,xi19_0003,xi19,1.388637506284565,1.9803921568627452,0.0,57.174452133794695,0.6862745098039216,13.72549019607843,0.13696655132641292,13.72549019607843,5.294117647058824,1.3725490196078431,6.666666666666667,0.3287595230211428,0.985702614379085,22.941176470588236,147.94593380010392,203.4545760294695,0.7271693598018389
0,xi19_0002,xi19,1.238630174291939,1.9754901960784315,0.0,30.774509803921568,0.5784313725490197,0.39215686274509803,0.11053440984236833,0.5882352941176471,5.098039215686274,2.156862745098039,7.254901960784314,0.35851010191389426,0.9621848739495797,14.117647058823529,144.98425201612292,186.5854997092481,0.7770392246023864
0,claire_0016,claire,1.594581243350053,3.014705882352941,0.0,70.6199538638985,6.029411764705882,0.7843137254901961,0.7677816224529027,0.7843137254901961,4.117647058823529,5.882352941176471,10.0,0.2349182275000122,0.9166666666666666,25.294117647058822,138.4769395960484,188.54213953656756,0.7344614839760579
0,claire_0015,claire,1.5433517156862746,2.1470588235294117,0.0,69.1546520569012,3.1666666666666665,2.156862745098039,0.5000961168781238,1.9607843137254901,6.470588235294118,4.509803921568627,10.980392156862745,0.2263050878123067,0.7643288084464556,25.098039215686274,146.49559650586195,212.50835862280462,0.6893639264603556
0,claire_0014,claire,1.5288671023965144,3.514705882352941,0.0,67.64129181084198,3.9607843137254903,0.5882352941176471,0.5141291810841984,0.5882352941176471,7.0588235294117645,5.490196078431373,12.549019607843137,0.2315432163382467,0.6630355846042121,26.470588235294116,155.82660277676996,210.568957535257,0.7400264720913521
0,claire_0013,claire,1.3146469113961374,2.098039215686274,0.0,59.48798539023453,1.6274509803921569,5.490196078431373,0.2698000768935025,5.098039215686274,3.725490196078431,0.39215686274509803,4.117647058823529,0.28730419476896374,0.7167755991285404,26.07843137254902,156.23978329576474,229.3385249899789,0.6812627023854441
0,claire_0012,claire,1.4404488357843137,7.235294117647059,0.0,60.02614379084967,4.137254901960784,0.9803921568627451,0.5490196078431372,0.9803921568627451,7.0588235294117645,3.5294117647058822,10.588235294117647,0.23207274795362895,0.6670437405731523,25.098039215686274,149.2379885756538,211.26300304422642,0.7064085354519545
0,claire_0011,claire,1.478328173374613,2.431372549019608,0.0,67.89648212226066,1.4313725490196079,0.5882352941176471,0.1985774702037678,0.9803921568627451,7.843137254901961,3.5294117647058822,11.372549019607844,0.22325769918725522,0.7959331880900509,26.07843137254902,155.43445503416365,209.72087433029802,0.7411491847462144
0,claire_0010,claire,1.078797190517998,3.1127450980392157,0.0,46.57035755478662,2.6960784313725488,0.5882352941176471,0.47683583237216454,0.5882352941176471,6.078431372549019,13.137254901960784,19.215686274509803,0.16992156263234598,0.705519244734931,26.274509803921568,156.36569086827475,191.20823431699415,0.8177769719323082
0,claire_0009,claire,1.5441176470588234,4.740196078431373,0.0,67.87293348712033,3.5784313725490198,3.5294117647058822,0.5617070357554786,3.5294117647058822,7.843137254901961,5.490196078431373,13.333333333333334,0.20227245950261807,0.691358024691358,26.470588235294116,148.2862427299295,195.1756864829013,0.7597577618507333
0,claire_0008,claire,1.6425254312251216,4.328431372549019,0.0,72.52499038831218,3.872549019607843,1.3725490196078431,0.6441753171856979,0.9803921568627451,8.03921568627451,5.294117647058823,13.333333333333334,0.20228684268681008,0.7305737109658679,26.07843137254902,147.63443265091928,197.91807979876177,0.7459370705345886
0,claire_0007,claire,1.6576426024955437,5.328431372549019,0.0,71.73606305267205,3.7647058823529407,2.156862745098039,0.641676278354479,1.9607843137254901,9.215686274509803,5.882352941176471,15.098039215686274,0.17453014886721543,0.7039969834087481,25.88235294117647,143.97158922965082,194.55675237482433,0.7399979053529924
0,claire_0006,claire,1.594560404807084,2.200980392156863,0.0,52.355728565936175,2.8823529411764706,1.5686274509803921,0.4991349480968858,1.5686274509803921,3.333333333333334,14.509803921568627,17.84313725490196,0.06490923808995884,1.3323013415892673,18.235294117647058,133.5169853339239,214.75344995796848,0.6217221905401559
0,claire_0005,claire,1.672930283224401,2.8235294117647056,0.0,62.80219146482122,1.9313725490196079,15.882352941176471,0.2433679354094579,2.156862745098039,4.313725490196078,1.1764705882352942,5.490196078431373,0.4136878927386423,1.4656862745098038,21.176470588235293,144.0852070019206,205.02116045604808,0.7027821259104092
0,claire_0004,claire,1.252723311546841,2.1225490196078427,0.0,39.35611303344867,1.1862745098039216,10.196078431372548,0.24086889657823915,17.647058823529413,7.647058823529411,3.3333333333333335,10.980392156862745,0.22824577449578806,0.8393246187363834,17.647058823529413,155.65621171222912,216.5375653963807,0.7188416080475191
0,claire_0003,claire,1.3784528409904109,5.524509803921569,0.2549019607843137,61.97337562475971,3.4215686274509807,2.549019607843137,0.5719915417147251,2.549019607843137,4.901960784313728,12.745098039215685,17.647058823529413,0.19272643917192023,0.7818627450980392,26.862745098039216,141.26196030981663,205.3522614954592,0.6879006799393843
0,claire_0002,claire,1.5343863471314454,3.0686274509803924,0.0,70.93713956170703,4.735294117647059,3.9215686274509802,0.8225682429834679,3.9215686274509802,2.5490196078431375,2.3529411764705883,4.901960784313726,0.46906060972687963,0.7846638655462186,26.470588235294116,146.68122719370717,233.40086928217207,0.6284519318408176
0,claire_0001,claire,1.38686697700663,6.009803921568627,0.0,63.33016147635525,3.186274509803922,2.156862745098039,0.5696847366397539,0.7843137254901961,9.019607843137255,3.9215686274509802,12.941176470588236,0.16921034656410777,0.7090336134453782,27.254901960784313,154.90296078275017,215.3791789878531,0.7192104710896235
0,gladiator_0015,gladiator,1.8692186798383474,2.583333333333333,0.0,87.66013071895424,1.3431372549019607,25.686274509803923,0.3886005382545175,25.686274509803923,8.431372549019606,1.7647058823529411,10.196078431372548,0.2710031674629606,0.8950617283950617,25.686274509803923,150.27225022274243,191.88070471547402,0.7831545670293959
0,gladiator_0014,gladiator,1.2839395300104774,2.833333333333333,0.0,58.07103037293349,0.6862745098039214,16.862745098039216,0.1371587850826605,19.41176470588235,6.666666666666666,11.372549019607844,18.03921568627451,0.3447226612870348,0.7443718228031954,25.686274509803923,142.1596742329557,181.92579241559247,0.7814157209122125
0,gladiator_0013,gladiator,1.8044414735591203,2.3627450980392157,0.0,84.5742983467897,1.0588235294117647,25.88235294117647,0.24086889657823918,25.88235294117647,5.294117647058823,1.5686274509803921,6.862745098039215,0.3940874169787117,1.0279593318809004,25.88235294117647,143.77948572809322,192.93789569053973,0.7452112256822085
0,gladiator_0012,gladiator,0.9276053013798112,2.7107843137254903,0.0,34.931084198385236,1.3725490196078431,21.176470588235293,0.24384851980007688,21.176470588235293,4.7058823529411775,10.196078431372548,14.901960784313726,0.49960300945919134,0.7232620320855614,21.176470588235293,141.59625889319253,187.046300915915,0.7570118104439064
0,gladiator_0011,gladiator,1.4339156715317705,2.848039215686274,0.0,67.26701268742792,1.196078431372549,22.15686274509804,0.18627450980392155,22.15686274509804,9.215686274509803,1.7647058823529411,10.980392156862745,0.2551518413487714,0.7828612926652142,26.07843137254902,146.09114206640524,186.9201552092678,0.7815697665286435
0,gladiator_0010,gladiator,1.0066137566137567,2.8284313725490193,0.0,44.59400230680507,0.6764705882352939,24.11764705882353,0.16839677047289506,24.705882352941178,4.313725490196077,12.156862745098039,16.470588235294116,0.5557556745131412,0.7145550527903469,24.705882352941178,144.4498012075427,184.57627932096548,0.782602194274132
0,gladiator_0009,gladiator,1.411376431760823,2.549019607843137,0.0,50.034505959246445,1.549019607843137,17.45098039215686,0.2764321414840446,17.45098039215686,8.03921568627451,1.5686274509803921,9.607843137254902,0.289358815860432,0.7941176470588235,19.80392156862745,152.7447237334608,184.50244569402636,0.8278737073586999
0,gladiator_0008,gladiator,1.7136281993713516,2.4754901960784315,0.0,80.340061514802,0.7352941176470589,12.549019607843137,0.10284505959246443,12.549019607843137,9.411764705882351,1.7647058823529411,11.176470588235293,0.2329303340758429,0.9132171387073348,25.686274509803923,150.2801718412995,188.86989058449643,0.7956809387469164
0,gladiator_0007,gladiator,1.5882352941176472,2.3088235294117645,0.0,70.18319876970396,2.627450980392157,2.549019607843137,0.47260668973471737,2.549019607843137,8.823529411764707,1.1764705882352942,10.0,0.1658340314621506,0.8710407239819004,24.705882352941178,140.87008277590937,210.66322950192747,0.6686980120307159
0,gladiator_0006,gladiator,1.8806228373702423,2.8235294117647056,0.0,89.23356401384083,1.8137254901960784,10.588235294117647,0.27970011534025374,10.588235294117647,6.07843137254902,1.5686274509803921,7.647058823529412,0.36739145868312256,0.8385854341736695,26.666666666666668,151.50566841616478,194.45602857960446,0.7791255921599927
0,gladiator_0005,gladiator,1.3518642305407012,2.622549019607843,0.0,62.87754709727028,0.9019607843137254,20.19607843137255,0.16234140715109577,20.392156862745097,6.862745098039215,1.7647058823529411,8.627450980392156,0.3237028584252099,0.7461873638344226,25.88235294117647,145.07117296281632,189.33113096838863,0.7662298969050044
0,gladiator_0004,gladiator,1.7413472964943553,2.514705882352941,0.0,81.40301806997309,0.803921568627451,16.862745098039216,0.13417916186082274,24.50980392156863,10.784313725490195,1.9607843137254901,12.745098039215685,0.21400819886640735,0.8710965867828613,25.88235294117647,150.6530599863023,187.2964583985239,0.8043561596116632
0,gladiator_0003,gladiator,1.6152703505644683,2.622549019607843,0.0,75.04152249134948,0.9215686274509802,18.627450980392158,0.15840061514801998,18.627450980392158,5.88235294117647,7.254901960784314,13.137254901960784,0.3353633011319542,0.7578068264342773,25.88235294117647,152.53309983540652,185.86171785482028,0.8206805661537718
0,gladiator_0002,gladiator,1.9273551525873505,2.8088235294117645,0.0,91.40090349865436,0.7647058823529411,4.509803921568627,0.2517301038062284,26.07843137254902,8.823529411764707,0.5882352941176471,9.411764705882353,0.280769379379946,0.8496732026143792,26.07843137254902,147.44369938444746,188.30314702445227,0.7830124016212062
0,gladiator_0001,gladiator,1.8412835722524308,2.950980392156863,0.0,77.73356401384083,0.7450980392156861,23.333333333333332,0.13379469434832758,20.19607843137255,9.019607843137255,1.7647058823529411,10.784313725490197,0.2526465937310228,0.8312908496732027,23.333333333333332,150.20381042316913,182.57981642814636,0.822674780606329
0,cordiale_0005,cordiale,1.7388684640522876,2.3970588235294117,0.0,59.67666282199154,0.7450980392156861,13.137254901960784,0.1902153018069973,18.823529411764707,5.686274509803921,1.1764705882352942,6.862745098039215,0.38448067903042127,1.0424836601307188,18.823529411764707,142.1314267534382,191.43036247627208,0.7424706557250316
0,cordiale_0003,cordiale,1.8810081554745792,2.6519607843137254,0.0,75.96270665128796,0.6274509803921566,17.058823529411764,0.18118031526336023,22.15686274509804,7.450980392156863,1.3725490196078431,8.823529411764707,0.3065873427180976,1.0555555555555556,22.15686274509804,144.91996000286753,194.20405360581202,0.7462252064883287
0,cordiale_0002,cordiale,1.8052073288331727,2.4901960784313726,0.0,77.89801999231065,1.1862745098039216,22.352941176470587,0.23375624759707803,22.352941176470587,5.098039215686275,1.5686274509803921,6.666666666666667,0.4317913770794058,1.1101960784313725,23.92156862745098,147.99977104102825,200.19670040053973,0.7392717799290425
0,cordiale_0001,cordiale,1.497206409445499,2.4117647058823533,0.0,49.66282199154172,1.0294117647058822,13.92156862745098,0.21376393694732793,13.529411764705882,7.254901960784313,1.3725490196078431,8.627450980392156,0.27385827648802624,0.8415892672858617,18.235294117647058,145.38279069677736,191.8924941738208,0.75762624964938
0,flamingo_0011,flamingo,1.7008496732026144,2.553921568627451,0.0,44.95818915801615,2.235294117647059,14.705882352941176,0.46405228758169936,14.705882352941176,4.313725490196079,1.3725490196078431,5.686274509803922,0.4597658453055879,1.0753676470588236,14.705882352941176,149.38051809866792,187.55814489691667,0.7964491127845637
0,flamingo_0010,flamingo,1.8466695501730102,3.441176470588235,0.0,86.51537870049981,2.352941176470588,16.666666666666668,0.29056132256824296,26.666666666666668,4.705882352941177,1.7647058823529411,6.470588235294118,0.4755009795489541,1.0164565826330532,26.666666666666668,153.04685664932148,182.52240989966248,0.838509949180791
0,flamingo_0009,flamingo,1.5844298245614035,2.5049019607843137,0.0,41.84054209919262,1.0294117647058825,13.529411764705882,0.18983083429450212,7.647058823529412,4.705882352941177,1.1764705882352942,5.882352941176471,0.42270522626075124,0.8725490196078431,14.901960784313726,158.43473976688654,189.52111855995315,0.8359740643719726
0,flamingo_0008,flamingo,1.7121960784313723,2.5392156862745097,0.0,73.40061514802,1.2156862745098038,20.392156862745097,0.2524990388312188,14.705882352941176,6.07843137254902,1.5686274509803921,7.647058823529412,0.36539395805030456,0.9215686274509803,24.50980392156863,153.29879076227976,193.63853352192285,0.7916750244595505
0,flamingo_0007,flamingo,1.8153462998102465,2.735294117647059,0.0,78.02085736255286,2.2450980392156863,18.627450980392158,0.3948481353325644,18.627450980392158,5.686274509803921,1.3725490196078431,7.0588235294117645,0.42972628034712573,0.9645550527903469,24.313725490196077,157.578666536302,202.4059481571849,0.7785278445173418
0,flamingo_0006,flamingo,1.9294279695349217,2.700980392156863,0.0,81.59832756632065,1.0686274509803921,19.41176470588235,0.15522875816993464,19.41176470588235,4.11764705882353,1.7647058823529411,5.882352941176471,0.5966695052504314,0.9831372549019608,23.725490196078432,156.6028034952668,191.44329677962497,0.8180114223353356
0,flamingo_0005,flamingo,1.8720251459362371,2.7107843137254903,0.0,84.93521722414457,1.6078431372549018,25.49019607843137,0.3399653979238754,24.11764705882353,4.705882352941177,1.7647058823529411,6.470588235294118,0.4710119534712137,0.8870733478576616,25.686274509803923,162.69314495973646,203.10490710685684,0.8010301044776871
0,flamingo_0004,flamingo,1.664009529045263,2.553921568627451,0.0,60.41724336793541,1.5490196078431373,6.666666666666667,0.27210688196847366,6.666666666666667,5.098039215686274,1.3725490196078431,6.470588235294118,0.4312623953052342,0.7401960784313726,20.980392156862745,165.1700385619383,221.6231542664858,0.7452742882782603
0,flamingo_0002,flamingo,1.7733074361820198,2.7254901960784315,0.0,62.63168012302961,2.950980392156863,0.19607843137254902,0.19175317185697807,0.39215686274509803,5.294117647058823,1.5686274509803921,6.862745098039215,0.40065312058062064,0.8137254901960784,20.784313725490197,163.7502394033671,218.75282985322298,0.7485628392247036
0,bersee_0005,bersee,0.9966259230965112,2.049019607843137,0.0,25.390618992695117,1.156862745098039,10.0,0.18050749711649366,10.0,4.117647058823529,2.3529411764705883,6.470588235294118,0.297908730239155,0.7218137254901961,15.098039215686274,144.26381913148145,185.6568876258293,0.777045338723059
0,bersee_0004,bersee,1.478206945428774,2.1470588235294117,0.0,42.6938677431757,0.9901960784313726,0.5882352941176471,0.16676278354479046,0.5882352941176471,4.11764705882353,1.7647058823529411,5.882352941176471,0.46976231108423244,0.8512110726643599,16.274509803921568,150.7625802884002,189.3553348735727,0.7961887125549443
0,bersee_0003,bersee,0.820920303605313,1.5686274509803924,0.0,16.302864282968088,0.676470588235294,11.176470588235293,0.12860438292964246,11.176470588235293,4.117647058823529,2.3529411764705883,6.470588235294118,0.25891516686445076,0.631975867269985,12.156862745098039,153.3858812656301,201.06972483060633,0.7628492126044929
0,bersee_0002,bersee,0.7954901960784314,1.8725490196078431,0.0,18.95866974240677,1.2254901960784315,14.313725490196079,0.18810073048827375,14.313725490196079,3.9215686274509802,1.3725490196078431,5.294117647058823,0.28314120872537607,0.6311274509803921,14.705882352941176,166.068928790281,216.24411800757386,0.7679696924032149
0,bersee_0001,bersee,0.8980508870214753,1.607843137254902,0.0,24.43271818531334,0.8529411764705882,16.470588235294116,0.1922337562475971,16.470588235294116,4.901960784313726,1.5686274509803921,6.470588235294118,0.2507750135640748,0.6510957324106112,16.470588235294116,172.11069018497318,211.82820017132178,0.8125013102399681
0,brompton_0014,brompton,1.8443718228031953,4.450980392156863,0.0,82.73635140330643,5.627450980392157,1.9607843137254901,0.7979623221837755,1.9607843137254901,4.313725490196077,22.15686274509804,26.470588235294116,0.032998487974539505,1.1103848946986201,26.470588235294116,129.93601747869783,202.7564147448872,0.640847874737706
0,brompton_0013,brompton,1.6818710535061483,2.7107843137254903,0.0,69.57400999615533,2.892156862745098,4.117647058823529,0.5030757400999616,4.117647058823529,3.5294117647058822,1.5686274509803921,5.098039215686274,0.5877721789231719,1.0943627450980393,23.137254901960784,134.8429169514696,216.29630863036178,0.623417559945087
0,brompton_0012,brompton,1.8344733242134064,4.377450980392156,0.0,80.53018069973086,4.264705882352941,3.3333333333333335,0.5153787004998077,0.5882352941176471,4.11764705882353,4.705882352941177,8.823529411764707,0.46684369301158474,1.052790346907994,25.294117647058822,134.60350820164032,210.14964352368267,0.6405126649023855
0,brompton_0011,brompton,1.4204744397759104,2.107843137254902,0.0,55.760092272202996,0.803921568627451,0.19607843137254902,0.12956555171088044,3.5294117647058822,5.686274509803921,2.3529411764705883,8.03921568627451,0.3219391235265211,0.9233511586452764,21.96078431372549,151.41619335792862,209.3267192664083,0.7233486192712099
0,brompton_0009,brompton,1.3445820433436533,2.2794117647058822,0.0,44.60544021530181,1.2058823529411766,18.627450980392158,0.24615532487504804,18.627450980392158,8.627450980392156,0.9803921568627451,9.607843137254902,0.25229692641578416,1.0622549019607843,18.627450980392158,137.74627760333118,197.79726004837045,0.6964013433231883
0,brompton_0008,brompton,1.6923818707810996,2.397058823529412,0.0,72.83775470972702,0.6274509803921571,19.41176470588235,0.10322952710495964,22.352941176470587,4.705882352941176,2.156862745098039,6.862745098039215,0.39814050169417764,1.216078431372549,23.92156862745098,137.65991380292098,210.8783245859008,0.652793093236311
0,brompton_0007,brompton,1.851571510957324,4.833333333333333,0.0,84.86389850057671,3.441176470588235,1.3725490196078431,0.5092272202998847,1.3725490196078431,4.705882352941176,4.901960784313726,9.607843137254902,0.3986347211378349,1.1630355846042122,26.666666666666668,131.422963151428,204.87581681609078,0.6414762132194518
0,brompton_0006,brompton,1.6546637346527397,2.553921568627451,0.0,62.13542868127643,1.5980392156862744,20.19607843137255,0.2725874663590927,20.19607843137255,3.5294117647058827,2.156862745098039,5.686274509803922,0.49888683770982967,1.2446311858076564,20.980392156862745,143.88017888663867,191.44222388699254,0.7515592744658591
0,brompton_0005,brompton,1.7779447545441533,3.8088235294117645,0.0,82.42791234140715,4.088235294117647,0.19607843137254902,0.5368127643214149,0.19607843137254902,3.333333333333332,16.07843137254902,19.41176470588235,0.11044009301939806,1.5931372549019607,26.862745098039216,132.15785572254993,209.28544816447646,0.631471785934623
0,brompton_0003,brompton,1.4359889586902719,2.0735294117647056,0.0,52.25249903883122,0.9313725490196078,20.19607843137255,0.264321414840446,20.19607843137255,7.450980392156862,1.7647058823529411,9.215686274509803,0.2487498543247471,1.0401493930905696,20.19607843137255,153.4242830994509,205.81518795323367,0.7454468478502796
0,brompton_0002,brompton,1.7691924227318045,2.7450980392156863,0.0,73.45367166474432,2.784313725490196,23.137254901960784,0.4982698961937716,23.137254901960784,5.490196078431373,2.3529411764705883,7.8431372549019605,0.32234112228126965,1.4619607843137254,23.137254901960784,133.2501906587292,188.0773890811189,0.7084859658555638
0,brompton_0001,brompton,1.4183006535947713,2.1127450980392153,0.0,46.88898500576701,0.4901960784313726,12.352941176470589,0.11745482506728183,18.235294117647058,6.666666666666666,1.5686274509803921,8.235294117647058,0.2783801151000441,0.9762641898864809,18.235294117647058,153.8992596867238,206.05602959753247,0.7468806420628361
0,holdfast_0014,holdfast,1.5388789103427631,2.382352941176471,0.0,69.75913110342177,1.215686274509804,25.686274509803923,0.26143790849673204,25.686274509803923,9.803921568627452,1.9607843137254901,11.764705882352942,0.19069963542834367,0.6851851851851851,25.686274509803923,152.5862656312816,180.43599429921576,0.8456531426775572
0,holdfast_0013,holdfast,1.6125202374527794,2.1764705882352944,0.0,61.44530949634756,1.696078431372549,21.372549019607842,0.3215109573241061,21.372549019607842,5.490196078431373,1.5686274509803921,7.0588235294117645,0.354085724412766,0.9565217391304347,21.372549019607842,151.70983916977409,189.1279248949262,0.8021546223491826
0,holdfast_0012,holdfast,1.5739036072444246,2.4264705882352944,0.0,70.6348519800077,0.9019607843137254,14.117647058823529,0.1559015763168012,11.372549019607844,6.470588235294118,1.1764705882352942,7.647058823529412,0.31895734313751306,0.821350762527233,25.686274509803923,158.46140727904762,197.55336435050967,0.8021195073038442
0,holdfast_0011,holdfast,1.6212292609351433,2.4901960784313726,0.0,72.60322952710496,1.323529411764706,19.019607843137255,0.16224529027297196,19.019607843137255,9.215686274509805,1.5686274509803921,10.784313725490197,0.21557080901419937,0.7243589743589743,25.49019607843137,160.67288097892327,186.80446104209537,0.8601126551400532
0,holdfast_0010,holdfast,1.605905152758778,2.3970588235294117,0.0,71.93214148404459,0.784313725490196,17.45098039215686,0.14850057670126873,17.45098039215686,6.2745098039215685,1.5686274509803921,7.8431372549019605,0.2991355651106452,0.8250377073906486,25.294117647058822,155.17593848346763,183.79936667390368,0.8442680804160786
0,holdfast_0009,holdfast,1.5651629072681703,2.2794117647058822,0.0,72.01999231064976,0.715686274509804,8.03921568627451,0.14206074586697426,10.980392156862745,8.03921568627451,1.7647058823529411,9.803921568627452,0.2373935584501089,0.7363834422657952,26.07843137254902,157.97898019964512,182.628267839299,0.8650302719766052
0,holdfast_0008,holdfast,1.4812335381913961,2.186274509803922,0.0,68.6179354094579,0.8921568627450982,23.725490196078432,0.12427912341407149,7.8431372549019605,9.411764705882353,2.156862745098039,11.568627450980392,0.21157620458553528,0.7552650689905592,26.274509803921568,157.0300401801755,181.5268783194084,0.8650511793844152
0,holdfast_0007,holdfast,1.3893255578093306,2.034313725490196,0.0,54.98366013071895,1.049019607843137,10.392156862745098,0.14715494040753557,10.392156862745098,5.882352941176471,1.3725490196078431,7.254901960784314,0.2906457757409537,0.7961601307189542,22.745098039215687,155.69635417019518,187.77383658827233,0.8291695850662477
0,holdfast_0006,holdfast,1.4519607843137254,2.161764705882353,0.0,58.38062283737024,0.7352941176470587,10.196078431372548,0.12360630526720492,22.54901960784314,6.2745098039215685,1.5686274509803921,7.8431372549019605,0.28278623909635936,0.7977941176470589,22.54901960784314,158.3021946052636,185.3825896868975,0.8539215838587032
0,holdfast_0005,holdfast,1.4169019607843139,2.049019607843137,0.0,61.31564782775855,0.7254901960784315,9.607843137254902,0.16176470588235292,10.0,7.450980392156863,1.3725490196078431,8.823529411764707,0.24582972947164458,0.831447963800905,24.50980392156863,156.67443408278953,183.91736405646643,0.8518740733729049
0,holdfast_0004,holdfast,1.5589481555334,2.2598039215686274,0.0,63.69809688581315,0.6862745098039218,9.607843137254902,0.12331795463283354,8.627450980392156,5.490196078431373,1.3725490196078431,6.862745098039215,0.33616437169328744,0.8843954248366013,23.137254901960784,158.34585296607258,191.01548917901414,0.8289686540428953
0,holdfast_0003,holdfast,1.5495374206020434,2.284313725490196,0.0,76.60005767012687,0.9999999999999998,8.627450980392156,0.2761437908496732,27.84313725490196,7.0588235294117645,2.156862745098039,9.215686274509803,0.2689254409051519,1.0172413793103448,27.84313725490196,149.3246766493941,203.9222157966909,0.7322629173383924
0,holdfast_0001,holdfast,1.5623986436679935,2.200980392156863,0.0,72.08698577470204,1.1274509803921569,23.725490196078432,0.21376393694732793,24.313725490196077,5.098039215686274,1.7647058823529411,6.862745098039215,0.37969030306583307,0.8696441539578795,26.07843137254902,148.22116519231926,187.99146589362186,0.7884462440236127
0,kloka_0020,kloka,1.949172576832151,2.647058823529412,0.0,97.01355247981546,2.7254901960784315,2.7450980392156863,0.4876970396001538,2.549019607843137,4.313725490196079,1.5686274509803921,5.882352941176471,0.42333894548012724,1.1799719887955182,27.647058823529413,144.81904421601635,202.37934997543354,0.7155821195867843
0,kloka_0019,kloka,1.9150196078431372,2.735294117647059,0.0,82.86361014994233,2.264705882352941,2.156862745098039,0.4180123029603999,2.156862745098039,5.098039215686274,1.1764705882352942,6.2745098039215685,0.42493092991833953,1.1074509803921568,24.50980392156863,152.5307961788694,208.44524215272074,0.7317547505695298
0,kloka_0017,kloka,1.8379382055852644,2.519607843137255,0.0,84.68646674356017,2.3627450980392157,10.784313725490197,0.4344482891195694,19.80392156862745,2.9411764705882355,19.41176470588235,22.352941176470587,0.09147099558125125,1.0649963689179376,25.88235294117647,144.77177414067899,194.1799195036043,0.7455548159190156
0,kloka_0016,kloka,1.7526041666666667,2.784313725490196,0.0,58.160515186466746,0.8627450980392157,17.84313725490196,0.17060745866974242,18.823529411764707,4.11764705882353,1.5686274509803921,5.686274509803922,0.5181815307326636,1.0459236326109391,18.823529411764707,148.86134304354806,184.1252035586715,0.8084789054753897
0,kloka_0015,kloka,1.8724789915966384,2.7941176470588234,0.0,45.00422914263744,0.9803921568627452,5.490196078431373,0.24134948096885817,13.72549019607843,3.5294117647058822,0.39215686274509803,3.9215686274509802,0.5975718769000136,1.0124183006535947,13.72549019607843,143.2610834024634,186.41461308047118,0.7685077957950682
0,kloka_0012,kloka,1.7610413097277744,2.4901960784313726,0.0,62.40868896578239,2.411764705882353,16.274509803921568,0.3733179546328335,17.84313725490196,3.137254901960784,1.1764705882352942,4.313725490196078,0.6358943379883756,1.0490196078431373,20.19607843137255,156.64378917938973,196.00323173242174,0.7991898286311705
0,kloka_0010,kloka,1.7844268476621419,2.784313725490196,0.0,82.74769319492503,1.6176470588235294,25.49019607843137,0.3204536716647443,25.49019607843137,11.96078431372549,1.9607843137254901,13.92156862745098,0.19265561796377936,1.0501089324618738,25.49019607843137,155.3617747795339,195.07483821088485,0.7964213950113889
0,kloka_0008,kloka,1.9367102396514164,2.651960784313726,0.0,91.51864667435602,2.7058823529411766,1.1764705882352942,0.4867358708189158,1.1764705882352942,3.137254901960784,2.9411764705882355,6.078431372549019,0.4700592234582703,1.1368917937545389,26.470588235294116,151.70570092422687,205.66283009539322,0.7376427760614825
0,kloka_0007,kloka,1.3199346405228758,2.5049019607843137,0.0,34.76441753171857,1.3235294117647058,14.705882352941176,0.3164167627835448,14.705882352941176,7.843137254901961,1.9607843137254901,9.803921568627452,0.23816315517030928,0.6801470588235294,14.705882352941176,156.9462848581947,183.01440734515486,0.8575624571578283
0,kloka_0006,kloka,1.7099366062214358,2.5392156862745097,0.0,79.45578623606305,0.7745098039215688,13.333333333333334,0.21376393694732795,26.07843137254902,8.235294117647058,1.9607843137254901,10.196078431372548,0.25830405655049965,0.9143064633260711,26.07843137254902,157.83312195720657,182.96553532127834,0.862638538345812
0,kloka_0003,kloka,1.5065847234416156,2.3333333333333335,0.0,34.867839292579774,1.0980392156862744,8.235294117647058,0.22952710495963094,13.137254901960784,2.3529411764705883,1.3725490196078431,3.7254901960784315,0.5134535638847587,0.9789915966386555,13.137254901960784,156.17639835765723,189.5160554441524,0.8240800389794949
0,kloka_0001,kloka,1.6806784660766962,2.622549019607843,0.0,66.48433294886581,0.8333333333333333,12.941176470588236,0.18800461361014995,22.15686274509804,6.862745098039215,2.7450980392156863,9.607843137254902,0.3271981221536082,0.9910485933503835,22.15686274509804,152.93423862285468,188.98977267073263,0.8092196549138365
0,steadfast_0014,steadfast,1.6464998280013758,2.2107843137254903,0.0,66.03767781622453,0.9215686274509802,15.098039215686274,0.22424067666282202,22.352941176470587,3.7254901960784315,1.7647058823529411,5.490196078431373,0.5092546276836948,1.082693947144075,22.352941176470587,150.85181914216912,193.84600414559674,0.7782044298878872
0,steadfast_0013,steadfast,1.469096334185848,2.3235294117647056,0.0,35.63129565551711,1.1274509803921569,13.137254901960784,0.18713956170703575,13.137254901960784,4.313725490196079,1.3725490196078431,5.686274509803922,0.4301991063726124,0.9568627450980391,13.529411764705882,146.69235526010667,214.6215732151731,0.6834930573965989
0,steadfast_0012,steadfast,1.4368872549019605,2.1372549019607847,0.0,36.30594002306805,1.0392156862745099,7.0588235294117645,0.25941945405613226,14.117647058823529,4.313725490196079,1.3725490196078431,5.686274509803922,0.4710648061619377,1.1470588235294117,14.117647058823529,144.31487509939808,217.29421434556153,0.6641450419379096
0,steadfast_0009,steadfast,1.5746766791823112,2.1323529411764706,0.0,51.74702037677816,0.8235294117647058,18.431372549019606,0.20607458669742404,18.431372549019606,5.098039215686274,1.1764705882352942,6.2745098039215685,0.3826635193243941,1.0154798761609907,18.431372549019606,147.03452500338798,183.82873150923183,0.7998451808715438
0,steadfast_0007,steadfast,1.602068224550094,2.2598039215686274,0.0,41.06199538638985,0.9411764705882353,1.7647058823529411,0.15503652441368704,1.7647058823529411,4.901960784313726,0.7843137254901961,5.686274509803922,0.42562997942300795,1.1026143790849674,14.313725490196079,141.4721190984286,192.34046526552987,0.7355296708008037
0,steadfast_0006,steadfast,1.8159313725490194,2.465686274509804,0.0,64.20501730103805,2.4215686274509802,4.901960784313726,0.4237793156478278,4.901960784313726,4.509803921568627,0.5882352941176471,5.098039215686274,0.4948288332588314,1.122782446311858,19.607843137254903,146.08693791720665,189.7240012616349,0.7699971376618213
0,steadfast_0004,steadfast,1.5326116557734204,2.2401960784313726,0.0,38.41234140715109,1.0588235294117647,0.9803921568627451,0.18752402921953096,0.9803921568627451,2.5490196078431375,2.156862745098039,4.705882352941177,0.7279549587676294,0.9698879551820728,14.117647058823529,153.30603833850853,191.232272736423,0.8016745089350661
0,steadfast_0003,steadfast,1.631387403446227,2.377450980392157,0.0,37.45511341791619,0.7352941176470591,12.156862745098039,0.13763936947327948,9.803921568627452,3.333333333333333,1.1764705882352942,4.509803921568627,0.6047618927156135,0.9677871148459383,12.941176470588236,148.56152624131255,191.39479569822873,0.7762046282363331
0,steadfast_0002,steadfast,1.768578431372549,2.401960784313726,0.0,62.65715109573242,2.235294117647059,6.862745098039215,0.44146482122260666,19.607843137254903,5.88235294117647,0.39215686274509803,6.2745098039215685,0.3749364767196312,1.2137254901960783,19.607843137254903,146.98628537807434,184.396645691646,0.7971201690071388
0,steadfast_0001,steadfast,1.684597523219814,2.450980392156863,0.0,67.36476355247981,1.0490196078431373,0.19607843137254902,0.20098039215686275,0.19607843137254902,4.901960784313725,1.9607843137254901,6.862745098039215,0.42715855235175,0.937766410912191,22.352941176470587,151.0851624084998,190.1055079052066,0.7947437403225385
0,alchemy_0008,alchemy,1.1776470588235295,1.803921568627451,0.0,20.062283737024224,0.7058823529411766,6.862745098039215,0.09169550173010377,6.862745098039215,2.9411764705882355,1.5686274509803921,4.509803921568627,0.5084342083623068,0.8696078431372549,9.803921568627452,160.1238607050731,249.76004006472886,0.6411108064507626
0,alchemy_0007,alchemy,1.2883578431372549,1.8676470588235294,0.0,36.26489811610919,1.1666666666666667,5.490196078431373,0.2378892733564014,5.490196078431373,6.078431372549019,0.9803921568627451,7.0588235294117645,0.29525220668337804,0.7629757785467128,15.686274509803921,151.29705171505594,193.3089219325756,0.7826697816246008
0,alchemy_0006,alchemy,1.2691842168966352,2.019607843137255,0.0,35.57641291810842,1.2156862745098038,15.882352941176471,0.2753748558246828,15.882352941176471,6.470588235294118,1.5686274509803921,8.03921568627451,0.2768988432945791,0.8114186851211073,15.882352941176471,114.920435660019,197.82629661223334,0.5809158722982052
0,alchemy_0005,alchemy,1.53734520123839,2.333333333333333,0.0,41.14532871972318,1.823529411764706,14.901960784313726,0.33881199538638984,14.901960784313726,3.137254901960784,1.1764705882352942,4.313725490196078,0.5084788072483999,1.0435049019607843,14.901960784313726,137.33216018538633,220.3276205893693,0.623308869845856
0,alchemy_0004,alchemy,1.3679193899782134,2.019607843137255,0.0,50.25980392156863,0.9117647058823529,19.607843137254903,0.2542291426374471,21.176470588235293,4.901960784313726,1.3725490196078431,6.2745098039215685,0.3517911067691369,1.2429667519181586,21.176470588235293,139.62739182964586,196.007316126203,0.7123580618783849
0,alchemy_0003,alchemy,1.592502883506344,2.651960784313726,0.0,47.542675893886965,1.7941176470588234,16.666666666666668,0.3460207612456747,16.666666666666668,4.313725490196078,0.39215686274509803,4.705882352941177,0.43099392058349806,1.1639433551198257,16.666666666666668,148.0006898017622,216.9554856295525,0.6821707659167958
0,alchemy_0002,alchemy,1.6976955730745908,2.9607843137254903,0.0,58.68444828911957,2.5588235294117645,19.019607843137255,0.5068242983467897,19.019607843137255,6.470588235294118,1.3725490196078431,7.8431372549019605,0.3111748894929981,1.2698412698412698,19.019607843137255,143.97580865364418,198.98127833597997,0.7235645979243382
0,alchemy_0001,alchemy,1.5760028782155064,2.1666666666666665,0.0,59.28431372549019,1.9019607843137254,2.3529411764705883,0.36014994232987313,2.3529411764705883,2.941176470588235,3.3333333333333335,6.2745098039215685,0.5739167000869427,1.1635472370766489,21.372549019607842,131.97735548546547,191.23821817272398,0.6901201901299099
0,maris_fundin_0005,maris_fundin,1.663243075007781,2.5441176470588234,0.0,36.28979238754326,1.5686274509803924,6.470588235294118,0.24711649365628605,1.5686274509803921,2.941176470588235,0.9803921568627451,3.9215686274509802,0.6423710956413932,1.2873303167420815,12.352941176470589,130.4370541451223,183.48237057057196,0.7108969310757455
0,maris_fundin_0003,maris_fundin,1.6677713338856668,2.485294117647059,0.0,41.35149942329873,2.3137254901960786,13.92156862745098,0.499038831218762,13.92156862745098,3.5294117647058822,1.1764705882352942,4.705882352941177,0.5438664362473085,1.4975490196078431,13.92156862745098,134.12196616977712,180.50949916471316,0.7430188815015887
0,maris_fundin_0002,maris_fundin,1.477390956382553,2.264705882352941,0.0,25.448865820838137,1.1470588235294117,9.607843137254902,0.28671664744329106,9.607843137254902,4.11764705882353,0.5882352941176471,4.705882352941177,0.49947603869752594,1.1088235294117645,9.607843137254902,138.5300387356073,182.06305947378587,0.7608904251966246
0,maris_fundin_0001,maris_fundin,1.5830548128342243,2.3235294117647056,0.0,49.076124567474054,0.7450980392156861,17.254901960784313,0.1656093810073049,17.254901960784313,5.490196078431373,1.3725490196078431,6.862745098039215,0.34360078963796703,0.985838779956427,17.254901960784313,153.1220987640091,214.87892488786034,0.7125971001759224
0,robigus_0011,robigus,1.3504714863044456,2.0392156862745097,0.0,61.52085736255286,0.9215686274509804,20.58823529411765,0.17820069204152247,7.647058823529412,6.078431372549019,1.9607843137254901,8.03921568627451,0.2879242682998055,0.6474358974358974,25.686274509803923,145.081674377254,187.5665606071918,0.7734943473271279
0,robigus_0010,robigus,1.5628791084779237,2.7598039215686274,0.0,73.58708189158017,2.4215686274509807,5.294117647058823,0.42339484813533257,5.294117647058823,4.901960784313726,0.5882352941176471,5.490196078431373,0.43798100787914984,0.7093837535014006,27.254901960784313,156.71054500035314,197.281585591481,0.7943495817438331
0,robigus_0009,robigus,1.3823529411764703,1.9852941176470589,0.0,42.302960399846214,0.9509803921568627,14.901960784313726,0.15743944636678203,7.450980392156863,5.490196078431373,1.1764705882352942,6.666666666666667,0.32399596675943326,0.7614379084967321,17.254901960784313,159.54137865460223,192.8116297437412,0.827446865454344
0,robigus_0008,robigus,1.3361135498975711,2.0098039215686274,0.0,62.16849288735102,0.7549019607843137,7.450980392156863,0.1785851595540177,7.450980392156863,5.882352941176471,1.7647058823529411,7.647058823529412,0.2917577494749196,0.7614379084967321,26.274509803921568,144.79278466262235,192.664923168667,0.751526444364056
0,robigus_0007,robigus,1.4044117647058822,2.0441176470588234,0.0,32.35976547481738,1.2352941176470587,12.745098039215685,0.16820453671664742,12.745098039215685,3.9215686274509807,0.9803921568627451,4.901960784313726,0.43992281230673247,0.8046218487394958,13.333333333333334,165.71502950865067,234.97013534137815,0.7052599653478955
0,robigus_0005,robigus,1.3628461693955936,2.034313725490196,0.0,46.30555555555556,1.2549019607843137,18.235294117647058,0.20213379469434833,18.235294117647058,3.9215686274509807,1.5686274509803921,5.490196078431373,0.45949494965868803,0.8142156862745098,19.019607843137255,145.28374958033538,187.7122825987919,0.7739703953782214
0,robigus_0004,robigus,1.361811391223156,2.230392156862745,0.0,40.05123029603999,2.0392156862745097,16.470588235294116,0.38360246059208,16.470588235294116,4.509803921568627,1.1764705882352942,5.686274509803922,0.372958329758123,0.9264705882352942,16.470588235294116,143.50327355017086,175.86492651182803,0.8159857476784568
0,robigus_0003,robigus,1.108871943839264,1.799019607843137,0.0,30.09861591695502,0.7941176470588235,8.431372549019608,0.1300461361014994,3.1372549019607843,4.705882352941176,1.3725490196078431,6.078431372549019,0.31324659724057236,0.7971813725490197,15.882352941176471,147.5336148206337,182.50787984977092,0.8083684657455565
0,robigus_0002,robigus,1.1229606346355336,2.3284313725490193,0.0,49.39801999231065,0.9117647058823528,10.392156862745098,0.1767589388696655,17.058823529411764,7.0588235294117645,6.078431372549019,13.137254901960784,0.2655632339124121,0.6579520697167757,25.686274509803923,154.68407162039853,184.67756641698222,0.8375899391653149
0,robigus_0001,robigus,1.7145348072114754,3.1568627450980395,0.0,86.58852364475203,5.7254901960784315,2.9411764705882355,1.0427720107650904,2.9411764705882355,3.9215686274509807,8.235294117647058,12.156862745098039,0.11004065419738579,0.7333965844402277,29.215686274509803,137.4459475103573,194.9597943887627,0.7049963708736839
0,slejpner_0004,slejpner,1.584080298786181,2.161764705882353,0.0,57.19357939254133,2.049019607843137,15.686274509803921,0.2958477508650519,1.9607843137254901,3.1372549019607843,0.5882352941176471,3.7254901960784315,0.5289447094031938,0.9934640522875816,20.58823529411765,154.26535117612312,203.84356617558973,0.7567830276440503
0,slejpner_0003,slejpner,1.4808735994397761,2.107843137254902,0.0,56.890138408304495,1.7352941176470589,9.803921568627452,0.30613225682429834,1.9607843137254901,3.725490196078431,0.19607843137254902,3.9215686274509802,0.45000384474492244,0.8670076726342711,21.96078431372549,154.8238796925334,207.1943772077208,0.7472397744525479
0,stetson_0010,stetson,1.7850140056022408,4.03921568627451,0.0,92.41166858900422,3.9901960784313726,19.215686274509803,0.6595540176855056,19.215686274509803,11.568627450980392,0.7843137254901961,12.352941176470589,0.19560809338834545,1.119281045751634,28.823529411764707,108.23263991554366,153.6873732339698,0.7042389861838096
0,stetson_0009,stetson,2.331896551724138,5.730392156862745,0.0,96.25816993464052,5.2254901960784315,20.58823529411765,0.9430988081507112,15.098039215686274,8.03921568627451,0.39215686274509803,8.431372549019608,0.21840632490010836,1.0910947712418302,22.745098039215687,106.89923194561725,154.45464209797282,0.69210760190561
0,stetson_0008,stetson,2.417585784313726,6.921568627450981,0.0,110.24990388312187,5.774509803921568,23.92156862745098,1.072087658592849,23.92156862745098,11.176470588235293,1.7647058823529411,12.941176470588236,0.16109606696485532,0.7469834087481146,25.098039215686274,106.33172892911705,156.9273603152692,0.6775856594764301
0,stetson_0007,stetson,1.4609230484646687,2.3970588235294117,0.0,54.997789311803146,1.196078431372549,18.823529411764707,0.21193771626297575,18.823529411764707,6.078431372549019,1.3725490196078431,7.450980392156863,0.2867372355466229,0.8480392156862745,20.784313725490197,118.56752871886115,168.7459702035737,0.7026391716247937
0,stetson_0006,stetson,1.4074754901960784,2.284313725490196,0.0,49.011918492887354,0.803921568627451,1.1764705882352942,0.13023836985774703,1.1764705882352942,7.843137254901961,1.5686274509803921,9.411764705882353,0.22990141525730345,0.8313725490196078,18.823529411764707,115.7572897016215,158.30638471224353,0.7312231273049138
0,stetson_0005,stetson,2.4154886760905914,6.892156862745098,0.0,111.12168396770473,4.607843137254902,20.19607843137255,0.8114186851211073,20.19607843137255,8.823529411764707,1.5686274509803921,10.392156862745098,0.23117007502153036,0.9351432880844646,25.294117647058822,108.2682954856193,155.01541297241815,0.6984356807466846
0,stetson_0004,stetson,2.458853238265003,7.450980392156863,0.0,116.04575163398692,9.156862745098039,23.333333333333332,1.574778931180315,23.333333333333332,8.431372549019606,1.7647058823529411,10.196078431372548,0.22657683713702564,0.8529411764705882,25.88235294117647,107.17014336733384,161.3074033982495,0.6643845298454345
0,brigadier_0014,brigadier,1.549098671726755,2.2794117647058822,0.0,32.54700115340254,0.8627450980392155,6.862745098039215,0.13504421376393694,6.862745098039215,3.5294117647058822,0.9803921568627451,4.509803921568627,0.5784927986088579,0.9969834087481146,12.156862745098039,146.5770504391227,228.14856114230736,0.6424631814692684
0,brigadier_0013,brigadier,1.6157542224810717,2.3970588235294117,0.0,57.327374086889655,2.1862745098039214,19.80392156862745,0.382160707420223,19.80392156862745,7.647058823529412,1.1764705882352942,8.823529411764707,0.2747944516247424,1.0989729225023344,19.80392156862745,148.1477919687564,190.99458559477353,0.7756648781818157
0,brigadier_0012,brigadier,1.8782169117647058,2.8970588235294117,0.0,84.58064206074587,1.2549019607843137,25.098039215686274,0.26566705113417916,25.098039215686274,6.666666666666666,1.5686274509803921,8.235294117647058,0.32910183753756944,1.0411010558069382,25.098039215686274,148.37367825135772,192.19540071605618,0.7719939067145556
0,brigadier_0011,brigadier,1.625200900032144,2.5098039215686274,0.0,34.941657054978855,1.2647058823529411,7.254901960784314,0.16974240676662822,7.254901960784314,5.294117647058823,1.5686274509803921,6.862745098039215,0.42053942686404067,0.8574660633484164,11.96078431372549,161.1475212384975,237.36642736240006,0.6788976985041988
0,brigadier_0010,brigadier,1.6684491978609626,2.343137254901961,0.0,32.977797001153405,1.696078431372549,1.9607843137254901,0.29075355632449057,1.9607843137254901,1.1764705882352942,0.39215686274509803,1.5686274509803921,1.070833333333334,1.5637254901960784,10.784313725490197,147.0206226602375,222.40440117091666,0.6610508689855148
0,brigadier_0009,brigadier,1.5385692738633914,2.5833333333333335,0.0,49.569492502883506,2.0980392156862746,17.647058823529413,0.3562091503267974,17.647058823529413,6.666666666666667,1.7647058823529411,8.431372549019608,0.29564459759404976,0.8426212590299278,17.84313725490196,158.3959724593942,231.1041509110274,0.6853878298377034
0,brigadier_0008,brigadier,1.6781609195402298,2.5980392156862746,0.0,52.13292964244521,1.9607843137254901,17.058823529411764,0.41013071895424835,17.058823529411764,5.686274509803922,0.9803921568627451,6.666666666666667,0.3774956960083024,1.0947712418300655,17.058823529411764,135.89607789018854,209.78509054425126,0.6477871117419717
0,brigadier_0005,brigadier,1.8669383416017007,2.7941176470588234,0.0,54.83054594386775,2.4313725490196076,16.07843137254902,0.4180123029603999,16.07843137254902,3.1372549019607843,2.156862745098039,5.294117647058823,0.5008233087558139,1.3355119825708062,16.274509803921568,142.48859708217833,219.12225912026045,0.6502698432110294
0,brigadier_0003,brigadier,1.773426812585499,2.730392156862745,0.0,52.58688965782392,1.480392156862745,16.862745098039216,0.3874471357170319,16.862745098039216,3.7254901960784315,1.1764705882352942,4.901960784313726,0.587418460227797,1.0098039215686274,16.862745098039216,144.3932158258806,193.2508135713892,0.7471803774452933
0,brigadier_0001,brigadier,1.6821266968325792,2.2745098039215685,0.0,38.38744713571703,2.4019607843137254,12.745098039215685,0.3782199154171473,12.745098039215685,2.3529411764705883,0.7843137254901961,3.1372549019607843,0.8311333750177049,1.1104575163398693,12.745098039215685,130.6084388484956,181.32457130299764,0.7203019310066137
0,blanco_0006,banco,1.6843395252837978,2.4754901960784315,0.0,65.82650903498654,2.7941176470588234,1.7647058823529411,0.5414263744713572,1.5686274509803921,1.5686274509803928,4.117647058823529,5.686274509803922,0.2297047739303351,1.0421994884910486,22.352941176470587,156.25432879569922,194.65278606783295,0.8027335850268664
0,blanco_0005,banco,1.4765017117958295,2.284313725490196,0.0,32.969146482122255,0.8333333333333333,10.980392156862745,0.12197231833910033,9.019607843137255,4.901960784313726,1.5686274509803921,6.470588235294118,0.4224312193432862,0.9796380090497737,12.352941176470589,151.48041557464973,180.60910236033604,0.8387197189675899
0,blanco_0004,banco,1.5699588477366255,2.2401960784313726,0.0,44.07775855440215,2.2254901960784315,5.294117647058823,0.3875432525951557,5.294117647058823,2.3529411764705888,2.549019607843137,4.901960784313726,0.4841360685868763,1.1845444059976933,15.882352941176471,159.18753973026372,222.280220024006,0.7161570188884627
0,blanco_0002,banco,1.771955841159993,2.5980392156862746,0.0,73.79815455594003,3.088235294117647,1.3725490196078431,0.5773740868896579,1.3725490196078431,1.7647058823529411,2.156862745098039,3.9215686274509802,0.3810841030907008,1.2034313725490196,23.333333333333332,150.54081281521587,194.03549757260544,0.7758416099038041
0,dakter_0006,dakter_rfc,1.1340729274165806,1.9411764705882355,0.0,43.190407535563246,2.1470588235294117,12.745098039215685,0.36649365628604386,12.745098039215685,4.11764705882353,1.7647058823529411,5.882352941176471,0.21419264074639022,0.8580562659846547,22.352941176470587,180.71075285445502,187.75167421409915,0.9624987559279224
0,dakter_0005_2,dakter_rfc,1.176470588235294,1.9215686274509802,0.0,27.979623221837755,0.7450980392156861,12.352941176470589,0.14619377162629757,13.137254901960784,6.862745098039216,1.5686274509803921,8.431372549019608,0.2644164484811502,0.6225490196078431,13.137254901960784,165.16043928932217,214.81225151375247,0.7688594953288708
0,dakter_0005_1,dakter_rfc,0.8968738438771735,1.7254901960784315,0.0,16.8719723183391,0.5588235294117647,8.03921568627451,0.11976163014225298,10.392156862745098,5.490196078431373,1.7647058823529411,7.254901960784314,0.25357142857143045,0.6310160427807486,10.392156862745098,175.009078524271,240.00407744882105,0.7291921053365865
0,dakter_0004,dakter_rfc,1.1746784735399536,1.6911764705882353,0.0,37.45347943098808,1.5980392156862746,18.235294117647058,0.26307189542483655,18.235294117647058,5.098039215686275,1.5686274509803921,6.666666666666667,0.29165383994393385,1.0123839009287925,18.235294117647058,156.17377613187145,220.14964209101728,0.7093982740489941
0,dakter_0003_2,dakter_rfc,1.3861918261280417,2.2205882352941178,0.0,40.48173779315648,0.6960784313725492,15.882352941176471,0.18166089965397925,16.274509803921568,5.88235294117647,1.1764705882352942,7.0588235294117645,0.2974990071572373,0.7301038062283737,16.274509803921568,161.31590917688,202.7446650431337,0.7956604389198613
0,dakter_0003_1,dakter_rfc,1.3232714138286894,1.9362745098039216,0.0,55.39513648596694,0.7058823529411764,10.588235294117647,0.1303344867358708,10.784313725490197,7.254901960784315,11.372549019607844,18.627450980392158,0.05524429761704129,0.7297527706734869,22.352941176470587,174.69271261441884,200.51825285916095,0.8712060379716088
0,dakter_0002_2,dakter_rfc,1.2079053843759728,1.9852941176470589,0.0,26.79613610149942,1.0686274509803921,12.352941176470589,0.2804690503652441,12.352941176470589,6.07843137254902,1.5686274509803921,7.647058823529412,0.283287393261253,0.7458521870286576,12.352941176470589,151.02351725029072,197.96091827702602,0.7628956188157745
0,dakter_0002_1,dakter_rfc,1.4676851323053495,2.318627450980392,0.0,53.050461361014996,1.0294117647058825,20.19607843137255,0.2469242599000384,20.19607843137255,6.470588235294118,1.3725490196078431,7.8431372549019605,0.2715505798244125,0.715219421101774,20.19607843137255,171.19813607309854,208.83784981925382,0.8197658433146486
0,dakter_0001,dakter_rfc,1.2813607370659106,2.093137254901961,0.0,35.57333717800846,1.7941176470588238,15.490196078431373,0.2838331410995771,15.490196078431373,5.686274509803921,1.1764705882352942,6.862745098039215,0.27033055891891455,0.6574394463667821,16.274509803921568,173.53433996785378,190.53820652379056,0.9107587561247792
0,kofa_0012,kofa_rfc,1.2957964007520817,2.4215686274509807,0.0,33.241926182237606,0.5784313725490196,11.372549019607844,0.08131487889273359,14.117647058823529,9.411764705882351,1.7647058823529411,11.176470588235293,0.22612008999531827,0.7418300653594772,14.313725490196079,171.62854223143194,238.67414599880732,0.719091468886159
0,kofa_0011,kofa_rfc,1.459959684808503,2.284313725490196,0.0,54.58467896962706,1.3627450980392155,20.980392156862745,0.3111303344867359,20.980392156862745,9.215686274509803,1.3725490196078431,10.588235294117647,0.21417105837135222,0.8431372549019608,20.980392156862745,169.31230581852216,203.27050198331108,0.8329408554932533
0,kofa_0010,kofa_rfc,1.3423392612859095,2.284313725490196,0.0,40.185601691657055,1.411764705882353,15.490196078431373,0.18050749711649366,15.490196078431373,7.254901960784313,1.3725490196078431,8.627450980392156,0.2588676336444508,0.7973856209150326,16.862745098039216,169.3337577443149,235.6870137278176,0.7184687652747361
0,kofa_0009,kofa_rfc,0.9289215686274509,1.7892156862745099,0.0,22.94031141868512,0.7156862745098039,11.176470588235293,0.10592079969242602,11.176470588235293,5.490196078431373,2.156862745098039,7.647058823529412,0.22046725549377355,0.5843137254901961,14.117647058823529,156.41816433903978,195.78481338988578,0.7989289957211785
0,kofa_0008,kofa_rfc,0.8300778326597814,2.0784313725490198,0.0,33.95261437908496,1.03921568627451,23.92156862745098,0.1761822376009227,21.764705882352942,4.509803921568629,13.137254901960784,17.647058823529413,0.2829197572889464,0.4139433551198257,25.686274509803923,160.99221056384926,193.1099045146292,0.8336817884535445
0,kofa_0007,kofa_rfc,1.1018354710305174,1.9411764705882353,0.0,47.545367166474435,0.9117647058823529,25.098039215686274,0.1670511341791619,23.529411764705884,6.2745098039215685,1.7647058823529411,8.03921568627451,0.17848475729514404,0.47930283224400866,26.07843137254902,161.10303020936766,190.39324821185505,0.8461593660616815
0,kofa_0006,kofa_rfc,1.033868092691622,1.8725490196078431,0.0,37.69963475586313,1.0392156862745097,18.235294117647058,0.1788735101883891,18.627450980392158,8.823529411764705,1.3725490196078431,10.196078431372548,0.1373911895803961,0.5579322638146167,21.568627450980394,155.4909866834486,191.2119062100183,0.8131867401220534
0,kofa_0005,kofa_rfc,1.1887811942959001,2.3970588235294117,0.0,36.52566320645906,1.2647058823529411,17.058823529411764,0.25951557093425603,17.254901960784313,8.627450980392156,1.5686274509803921,10.196078431372548,0.17412904935170623,0.6595860566448801,17.254901960784313,142.43689629236897,193.12615196173738,0.7375329278066334
0,kofa_0004,kofa_rfc,0.992178894029522,1.9313725490196079,0.0,29.44329104190696,0.8137254901960784,15.294117647058824,0.09563629373317953,16.274509803921568,6.470588235294118,1.3725490196078431,7.8431372549019605,0.1741661687341683,0.5049019607843137,17.45098039215686,169.53063825480857,178.30643744237756,0.9507824882071068
0,kofa_0003,kofa_rfc,0.6410064025610244,1.656862745098039,0.0,18.97472126105344,1.1862745098039218,19.019607843137255,0.21520569011918492,19.215686274509803,3.333333333333332,15.882352941176471,19.215686274509803,0.18665228803441883,0.5848039215686275,19.215686274509803,170.5221245387874,208.23806547691282,0.8188806602109596
0,kofa_0002_2,kofa_rfc,0.7480742296918768,1.661764705882353,0.0,13.820934256055363,0.7647058823529412,9.607843137254902,0.1568627450980392,9.607843137254902,2.156862745098039,1.7647058823529411,3.9215686274509802,0.27666778687218135,0.5669934640522876,10.980392156862745,157.81271278881434,190.73952202169082,0.8273729068633607
0,kofa_0002_1,kofa_rfc,0.7644648023143685,1.5,0.0,15.953863898500577,0.803921568627451,11.96078431372549,0.10966935793925411,11.96078431372549,7.0588235294117645,0.9803921568627451,8.03921568627451,0.16610370979490457,0.48340874811463047,11.96078431372549,172.53067379820232,218.45960776163585,0.7897600639586096
0,kofa_0001,kofa_rfc,0.9861466325660697,1.7598039215686274,0.0,23.010476739715493,0.8431372549019609,9.607843137254902,0.15830449826989618,9.607843137254902,6.666666666666666,1.5686274509803921,8.235294117647058,0.21148678113749936,0.6218487394957983,13.529411764705882,160.7145465291384,198.33174406984693,0.8103319379500803
